ID,timestamp,IsPermanent,Name
1,1766707985.8081,1,__GLOBAL__
2,1766707985.808229,1,CPU
4,1766707985.808409,1,VENC
5,1766707985.8084712,1,VDEC
6,1766707985.8079572,1,ISP
7,1766707985.808116,1,RestOfSOC
8,1766707985.808244,1,GPU
9,1766707985.808363,1,DRAM
10,1766707985.808425,1,Display
11,1766707985.808486,1,WiFi-Data
12,1766707985.807985,1,WiFi-Location
13,1766707985.808131,1,WiFi-Pipeline
14,1766707985.80826,1,AudioHeadset
15,1766707985.808378,1,AudioSpeaker
16,1766707985.80844,1,Nfc
17,1766707985.8085022,1,FrontCamera
18,1766707985.808006,1,BackCamera
19,1766707985.808145,1,Torch
20,1766707985.808278,1,Accessory
37,1766707985.808161,1,BB
38,1766707985.8082929,1,BB-Voice
47,1766707985.808519,1,BB-Pssi
48,1766707985.808027,1,GPS
50,1766707985.808309,1,Bluetooth
53,1766707985.8085432,1,WiFi-Idle
54,1766707985.808048,1,APSOCBaseIOReport
55,1766707985.808195,1,AudioCodec
56,1766707985.808332,1,DisplayDynamic
57,1766707985.808394,1,SOCDisplay
58,1766707985.808455,1,BTEN
59,1766707985.808558,1,BTIT
60,1766707985.808065,1,NetworkWake
61,1766707985.80821,1,PowerOut
62,1766707985.8083482,1,ANE
10000,1766707985.808082,1,RootNodeMaxCount
10001,1766707985.833972,1,com.apple.VisualGeneration.inference
10002,1766707985.8341231,1,com.apple.WritingToolsUIService
10003,1766707985.834161,1,WritingToolsUIService
10004,1766707985.834192,1,assetsd
10005,1766707985.834237,1,backupd
10006,1766707985.834269,1,mediaserverd-Audio
10007,1766707985.834299,1,airplayd
10008,1766707985.834331,1,com.apple.tgondeviceinferenceproviderservice
10009,1766707985.834362,1,com.apple.springboard
10010,1766707985.834391,1,locationd
10011,1766707985.834422,1,com.apple.chrono.WidgetRenderer-Default
10012,1766707985.834465,1,cameracaptured
10013,1766707985.834497,1,nsurlsessiond
10014,1766707985.834528,1,relatived
10015,1766707985.834559,1,handwritingd
10016,1766707985.834591,1,callservicesd
10017,1766707985.834621,1,VisualGenerationInference
10018,1766707985.8346539,1,com.apple.CloudDocs
10019,1766707985.834696,1,avconferenced
10020,1766707985.834727,1,CommCenter
10021,1766707985.834759,1,mediaserverd
10022,1766707985.83479,1,mediaserverd-NoCall
10023,1766707985.834821,1,TGOnDeviceInferenceProviderService
10024,1766707985.834852,1,com.apple.AccessibilityUIServer
10025,1766707985.834883,1,com.apple.StickerKit.StickerPickerService
10026,1766707985.834914,1,containermanagerd
10027,1766707985.8349452,1,modelmanagerd
10028,1766707985.8349771,1,StickerKit.StickerPickerService
10029,1766707985.8350081,1,soundanalysisd
10030,1766707985.8350382,1,GPUIExtension
10031,1766707985.835067,1,gpsd
10032,1766707985.835096,1,iaptransportd
10033,1766707985.835128,1,com.apple.SafariViewService
10034,1766707985.83516,1,iapd
10035,1766707985.835191,1,audiomxd
10036,1766707985.8352342,1,backboardd
10037,1766707985.835268,1,com.apple.CloudDocsDaemon
10038,1766707985.8353019,1,AccessibilityUIServer
10039,1766707985.835332,1,com.apple.StreamingUnzipService
10040,1766707985.835361,1,atc
10041,1766707985.83539,1,suggestd
10042,1766707985.835421,1,kernel_task
10043,1766707985.835452,1,mediaparserd
10044,1766707985.8354812,1,cloudphotod
10045,1766707985.835511,1,cloudd
10046,1766707985.83554,1,videocodecd
10047,1766707985.835571,1,mediaplaybackd
10048,1766707985.835606,1,com.apple.InferenceProviderService
10049,1766707985.8356361,1,iap2d
10050,1766707985.8356662,1,SpringBoard
10051,1766707985.835696,1,com.apple.SpringBoard
10052,1766707985.83574,1,bluetoothd
10053,1766707985.835771,1,com.apple.InCallService
10054,1766707985.835803,1,installd
10055,1766707985.835853,1,com.apple.MobileBackup.framework
10056,1766707985.835959,1,com.apple.private.alloy.sockpuppet
10057,1766707985.83604,1,IDSWatchBT
10058,1766707985.836141,1,BB-PhoneCall
10059,1766707985.836266,1,BB-Standard
10060,1766707985.836297,1,syncdefaultsd
10061,1766707985.8364239,1,mDNSResponder
10062,1766707985.836454,1,apsd
10063,1766707985.8365111,1,LockScreen
10064,1766707985.836699,1,WiFi-Airplay
10065,1766707985.836742,1,com.apple.carplay.video
10066,1766707985.836785,1,WiFi-Standard
10067,1766707985.836826,1,identityservices
10068,1766707985.836878,1,WiFi-AirplayMirroring
10069,1766707985.8369422,1,com.apple.carplay.audio
10070,1766707985.838729,1,PowerOutAudio
10071,1766707986.1834989,0,com.apple.findmy
10074,1766708049.4094472,0,com.apple.lock-screen
10082,1766708183.9004312,0,com.apple.DriverKit-AppleBCMWLAN
10094,1766708183.900674,0,dasd
10097,1766708183.9007282,0,trustd
10098,1766708183.900745,0,mobileassetd
10100,1766708183.9007792,0,appstored
10114,1766708183.9013271,0,networkserviceproxy
10115,1766708183.901344,0,email.maild
10119,1766708183.901415,0,lsd
10120,1766708183.901434,0,PosterBoard
10128,1766708183.901663,0,searchd
10135,1766708183.901807,0,com.apple.stocks.widget
10140,1766708183.901906,0,tccd
10143,1766708183.901966,0,UserEventAgent-System
10149,1766708183.902093,0,duetexpertd
10152,1766708183.902152,0,logd
10155,1766708183.9022112,0,wifid
10157,1766708183.902249,0,swcd
10160,1766708183.90231,0,replicatord
10161,1766708183.902331,0,com.apple.weather.widget
10164,1766708183.9024,0,healthd
10173,1766708183.902617,0,com.apple.Health.Sleep.SleepWidgetExtension
10174,1766708183.902636,0,sharingd
10175,1766708183.9026551,0,geod
10177,1766708183.902717,0,siriactionsd
10184,1766708183.9028971,0,identityservicesd
10192,1766708183.9030762,0,cfprefsd.xpc.daemon
10197,1766708183.903182,0,routined
10198,1766708183.903224,0,chronod
10209,1766708183.90352,0,fseventsd
10212,1766708183.903582,0,com.apple.news.widget
10213,1766708183.903605,0,contextstored
10215,1766708183.903665,0,mobile.installd
10224,1766708183.90387,0,telephonyutilities.callservicesd
10227,1766708183.903927,0,PerfPowerServices
10230,1766708183.903987,0,runningboardd
10238,1766708183.904862,0,mediaanalysisd
10242,1766708227.952127,0,activityawardsd
10243,1766708227.952331,0,corespeechd
10245,1766708305.707313,0,com.apple.securityd
10253,1766708305.884088,0,securityd
10265,1766708320.9587421,0,com.apple.syncdefaultsd
10268,1766708327.868084,0,cache_delete
10276,1766708348.010645,0,com.apple.routined.Routine
10277,1766708358.059507,0,com.apple.MobileSMS
10282,1766708386.7567961,0,com.apple.sharingd
10284,1766708387.924182,0,siriknowledged
10288,1766708387.9242682,0,linkd
10294,1766708562.985208,0,com.apple.siri.parsec.CoreParsec
10295,1766708621.274775,0,com.apple.identityservicesd
10305,1766708621.422511,0,symptomsd
10308,1766708621.422864,0,com.apple.GradientPoster.GradientPosterExtension
10311,1766708621.4231071,0,com.apple.PassbookUIService
10313,1766708621.565558,0,com.apple.Passbook
10314,1766708621.5655842,0,com.apple.akd
10321,1766708621.565726,0,com.apple.CommCenter
10322,1766708621.5657482,0,com.apple.nsurlsessiond
10325,1766708621.5658112,0,com.apple.mobileslideshow
10328,1766708621.5660381,0,com.apple.passd
10337,1766708621.56623,0,com.apple.AppStore
10338,1766708621.566248,0,com.apple.cloudd
10339,1766708621.566268,0,com.apple.assistant.assistantd
10341,1766708621.566306,0,com.apple.itunesstored
10346,1766708621.566401,0,com.apple.geod
10350,1766708621.5664802,0,com.apple.mobilemail
10352,1766708621.5665221,0,com.apple.locationd
10353,1766708621.5665421,0,com.apple.mobileassetd
10355,1766708621.5665781,0,com.apple.transparencyd
10356,1766708621.566596,0,com.apple.routined
10357,1766708621.5667381,0,com.apple.apsd
10361,1766708621.5670462,0,com.apple.amsengagementd
10363,1766709101.1892352,0,com.apple.springboard.passcode
10365,1766709101.94318,0,com.apple.springboard.home-screen
10367,1766709102.054213,0,com.apple.springboard.app-switcher
10368,1766709102.433518,0,com.burbn.instagram
10375,1766709102.9103522,0,com.apple.cloudpaird
10376,1766709102.911914,0,com.zhiliaoapp.musically
10377,1766709102.9142091,0,com.apple.mobilephone
10378,1766709102.9154181,0,com.apple.Preferences
10384,1766709102.925807,0,TextInput.kbd
10386,1766709102.925873,0,icloud.searchpartyd
10400,1766709102.926562,0,imagent
10402,1766709102.926692,0,amsengagementd
10406,1766709102.9268632,0,com.apple.news
10411,1766709102.927458,0,remindd
10414,1766709102.928711,0,com.apple.Spotlight
10416,1766709102.928903,0,com.apple.imdpersistence.IMDPersistenceAgent
10435,1766709116.210436,0,com.apple.bluetoothuserd
10442,1766709149.215948,0,com.google.Gmail
10443,1766709166.654294,0,com.apple.AuthenticationServicesUI
10444,1766709190.93142,0,com.toyopagroup.picaboo
10451,1766709203.719407,0,com.apple.appstored
10452,1766709203.719469,0,com.apple.businessservicesd
10453,1766709226.288469,0,com.atebits.Tweetie2
10456,1766709273.287367,0,com.microsoft.Office.Outlook
10457,1766709292.0469022,0,com.duosecurity.DuoMobile
10458,1766709301.108818,0,com.microsoft.Office.Outlook.CalendarWidgetExt
10459,1766709425.6804352,0,photoanalysisd
10462,1766709559.5703511,0,com.apple.ap.promotedcontentd
10465,1766709559.570614,0,com.apple.icloud.findmydeviced
10467,1766709559.570664,0,com.apple.itunescloudd
10471,1766709559.5816321,0,biomesyncd
10482,1766709559.625837,0,com.google.ios.youtube
10483,1766709559.636594,0,com.supercell.scroll
10490,1766709565.18282,0,com.apple.GameOverlayUI
10491,1766709571.9149702,0,com.apple.TestFlight
10492,1766709582.9442892,0,com.chess.iphone
10493,1766709601.5503292,0,com.apple.UsageTrackingAgent
10499,1766709623.325296,0,com.apple.mobilesafari
10501,1766709661.128123,0,biomed
10508,1766709822.9154649,0,com.apple.parsecd
10509,1766710340.94616,0,com.robinhood.release.Robinhood
10511,1766710362.8975239,0,com.robinhood.release.Robinhood.Orbit
10514,1766710362.8991141,0,WirelessRadioManager
10517,1766710517.318681,0,com.apple.icloud.searchpartyd
10519,1766710541.691905,0,com.apple.springboard.spotlight
10520,1766710544.113749,0,com.apple.camera
10521,1766710559.171956,0,com.apple.icloud.FindMyDevice
10522,1766710592.3169992,0,com.apple.springboard.today-view
10523,1766710725.8381352,0,powerd
10526,1766710725.8480082,0,com.apple.findmy.findmylocated
10527,1766710796.3495421,0,Backup
10534,1766711026.5803442,0,com.apple.EmailDaemon
10536,1766711026.5810342,0,com.apple.powerd
10545,1766711326.855134,0,Unspecified_4
10554,1766711947.2855592,0,com.apple.imagent
10555,1766712252.8799071,0,wirelessinsightsd
10578,1766715643.392237,0,com.apple.HealthKit
10580,1766715644.068636,0,com.toyopagroup.picaboo.notification
10581,1766715644.0738711,0,healthappd
10585,1766715676.9069052,0,com.apple.AuthKitUIService
10586,1766715716.096883,0,com.spotify.client
10602,1766717840.503367,0,configd
10603,1766717840.503426,0,wifianalyticsd
10604,1766717840.50349,0,rapportd
10668,1766724886.0168328,0,com.atebits.Tweetie2.NotificationServiceExtension
10672,1766725185.967283,0,MediaRemoteUI
10673,1766725566.307974,0,spotlightknowledged
10676,1766725662.917705,0,com.apple.WebKit.GPU
10678,1766725985.753835,0,com.apple.WebKit.WebContent
10679,1766726427.7581263,0,com.apple.control-center
10680,1766726535.691409,0,com.apple.SleepLockScreen
10681,1766728072.2213492,0,com.apple.AppStoreOverlays.ViewService
10689,1766733356.926809,0,com.apple.aps.framework
10742,1766765148.489475,0,useractivityd
10746,1766765454.745985,0,com.apple.corelocation.CoreLocationVanillaWhenInUseAuthPromptPlugin
10756,1766766533.547543,0,com.apple.willowd
10780,1766768711.110893,0,com.apple.storekit
10781,1766769094.009963,0,com.waze.iphone
10789,1766771320.03956,0,mediaremoted
10798,1766782477.426507,0,com.life360.safetymap
10803,1766783896.777268,0,com.life360.safetymap.location-query
10804,1766784038.253247,0,com.life360.safetymap.sidecar-lpse
10806,1766786145.541647,0,com.apple.AppStore.ProductPageExtension
10807,1766786634.7384791,0,com.apple.mobilenotes
10811,1766786773.0569372,0,appleh13camerad
10845,1766847656.247943,0,com.apple.AppStoreConnect
10868,1766849705.293167,0,Maps.mapssyncd
10869,1766849705.2932682,0,assistantd
10870,1766849828.179693,0,com.apple.CoreTelephony
10891,1766853537.2979512,0,com.apple.mobilecal
10892,1766853849.862112,0,analyticsd
10902,1766853849.862829,0,financed
10918,1766860932.211001,0,com.apple.HeadphoneProxService
10923,1766860974.191443,0,OOS
10966,1766898919.0200372,0,com.apple.private.alloy.status.personal
10967,1766898944.933876,0,com.apple.icloud.presence.mode.status
10968,1766899587.821907,0,com.apple.ScreenTimeWidgetApplication.ScreenTimeWidgetExtension
11038,1766950468.511117,0,com.apple.WirelessRadioManager.WirelessRadioManager
11049,1766950715.251404,0,wifip2pd
11060,1766951646.3095212,0,com.apple.safetyalertsd.Location
11068,1766953154.1448321,0,com.anthropic.claude
11080,1766953335.789858,0,com.apple.videosubscriptionsd
11090,1766956762.7442832,0,com.apple.amsaccountsd
11092,1766958799.522082,0,com.getdropbox.Dropbox
11096,1766959897.928631,0,com.apple.Health
11101,1766966351.109418,0,mlhostd
11150,1767021292.036819,0,tipsd
11152,1767021292.0369592,0,asd
11164,1767022020.455634,0,com.apple.TelephonyUtilities
11171,1767035296.9823742,0,com.apple.private.alloy.nearby
11188,1767052919.0050502,0,org.uwcu.app.mobile
11241,1767070016.3013911,0,fileproviderd
11295,1767115377.262047,0,com.openai.chat
11306,1767117091.7175431,0,com.apple.vmd
11330,1767128448.0752301,0,com.apple.lskdd
11344,1767145174.564458,0,com.revenuecat.mobile
11433,1767224819.656261,0,com.apple.mobilecal.CalendarWidgetExtension
11446,1767230747.725999,0,com.apple.coreduetd
11450,1767232759.8462121,0,com.groupme.iphone-app
11467,1767279742.924831,0,com.apple.ScreenshotServicesService
11472,1767280433.8249102,0,com.apple.mobileslideshow.photospicker
11524,1767306419.385369,0,mobiletimerd
11540,1767316870.259619,0,homed
11549,1767317182.4399838,0,accessoryupdaterd
11564,1767317182.4642081,0,com.apple.MobileAccessoryUpdater
11571,1767317482.2282982,0,mobile_assertion_agent
11752,1767376961.129364,0,com.SideShift
11759,1767380996.207148,0,com.reddit.Reddit
11787,1767388736.30153,0,sharinguiservice
11874,1767468119.902695,0,coreduetd
11897,1767468234.538314,0,com.apple.Fitness
11898,1767468497.864071,0,com.iwrote.iwrote
11911,1767468538.559046,0,doordash.DoorDashConsumer
11965,1767484730.1099732,0,com.apple.mobileslideshow.PhotosMessagesApp
11967,1767486383.8522072,0,Flashlight
11971,1767487496.968422,0,com.apple.Music
11973,1767487496.968564,0,accessoryd
11992,1767490484.822236,0,com.apple.mobiletimer
12117,1767558432.6958013,0,triald
12138,1767560756.643096,0,signpost.signpost_reporter
12203,1767583805.084675,0,com.apple.Siri
12204,1767584825.870148,0,com.life360.safetymap.sidecar
12207,1767585150.4359171,0,com.xvpn
12219,1767587901.195512,0,pluginkit.pkd
12324,1767640070.230621,0,com.groupme.iphone-app.notif-serv-ext
12345,1767666967.759278,0,com.kitkagames.fallbuddies
12372,1767675780.251375,0,com.apple.tips.TipsSwift
12389,1767703319.957602,0,com.apple.stocks
12391,1767703538.431942,0,com.apple.Maps.GeneralMapsWidget
12407,1767704762.093524,0,com.microsoft.skype.teams
12460,1767735131.0134351,0,com.intuit.QBOiPad
12484,1767750142.5962162,0,com.apple.mobilesms.compose
12624,1767798451.439914,0,com.google.Docs
12647,1767801574.1517851,0,com.google.Drive
12653,1767802163.5547142,0,familycircled
12840,1767922747.8876863,0,net.kortina.labs.Venmo
12989,1767974269.112967,0,com.apple.private.alloy.facetime.multi
13140,1768024231.076265,0,FileProvider
13160,1768042956.856656,0,siriinferenced
13213,1768056961.532826,0,Safari.passwordbreachd
13338,1768145493.108006,0,naturallanguaged
13404,1768166311.988187,0,com.apple.idmsauth
13422,1768181642.571865,0,com.apple.TestFlight.ServiceExtension
13452,1768192788.122457,0,com.burbn.instagram.widgetextension
13453,1768193882.773697,0,transparencyd
13487,1768224315.866528,0,SafariBookmarksSyncAgent
13530,1768247179.6438031,0,com.linkedin.LinkedIn
13535,1768249016.600667,0,com.linkedin.LinkedIn.NotificationServiceExtension
13540,1768251163.2007551,0,AssertionPID-22859
13619,1768286602.960637,0,photos.ImageConversionService
13700,1768330743.4530191,0,net.whatsapp.WhatsApp
13744,1768340458.882411,0,ph.telegra.Telegraph
13794,1768371303.58145,0,aned
13805,1768371639.843008,0,sirittsd
13964,1768373697.980581,0,iconservices.iconservicesagent
13981,1768373697.981345,0,modelcatalogd
14007,1768373699.3121262,0,ReportCrash
14014,1768373699.312284,0,com.apple.purplebuddy
14021,1768373962.44315,0,com.apple.coreidv.coreidvd
14035,1768374263.5714011,0,com.apple.triald
14070,1768374574.378327,0,com.apple.icloud.imtransferagent
14073,1768374574.378542,0,com.apple.networkserviceproxy
14082,1768376393.869565,0,net.whatsapp.WhatsApp.ServiceExtension
14084,1768376393.8746119,0,com.apple.weatherkit.authservice
14085,1768376393.8747149,0,com.apple.frauddefensed
14086,1768376393.874788,0,destinationd
14087,1768379993.6115642,0,com.apple.parsec-fbf
14088,1768380583.325646,0,com.apple.private.alloy.kt.webtunnel
14095,1768382532.64762,0,com.apple.swcd
14096,1768382532.647835,0,com.apple.pipelined
14111,1768400944.923304,0,com.apple.mobileme.fmip
14138,1768401099.4421291,0,adprivacyd
14144,1768401099.442562,0,com.apple.Translate
14165,1768401228.04655,0,frauddefensed
14176,1768401228.04738,0,com.zhiliaoapp.musically.PushNotificationAttachment
14180,1768401228.1960092,0,com.apple.tipsd
14183,1768401228.19624,0,com.apple.rtcreportingd
14188,1768401228.196579,0,com.apple.healthd
14192,1768401228.1968222,0,com.apple.tips
14194,1768401228.197015,0,com.apple.biomesyncd
14223,1768402217.224616,0,com.instructure.icanvas
14224,1768402387.209918,0,com.apple.games
14227,1768402582.554335,0,com.instructure.icanvas.widgets
14234,1768402582.829116,0,com.apple.mediaanalysisd
14236,1768402781.2718883,0,com.apple.aps.ardea.safetyalert
14306,1768404241.636018,0,com.robinhood.release.Robinhood.NotificationServiceExtension
14317,1768409223.428606,0,powerexceptionsd
14354,1768419067.3553472,0,com.apple.LocalAuthenticationUIService
14356,1768419385.06417,0,LocalAuthenticationUIService
14388,1768436674.144658,0,clipserviced
14411,1768450120.8911219,0,com.yourcompany.PPClient
14454,1768457404.795097,0,com.apple.ciphermld
14458,1768457404.795205,0,CategoriesService
14476,1768458006.889836,0,net.whatsapp.WhatsApp.WidgetExtension
14483,1768458007.386386,0,com.apple.gamed
14503,1768463545.354403,0,com.apple.dprivacyd
14505,1768465348.696559,0,applekeystored
14514,1768469563.909851,0,remotepairingdeviced
14529,1768489248.99178,0,com.apple.ClockAngel
14620,1768505059.1585531,0,servicesintelligenced
14629,1768510798.1929889,0,com.duckduckgo.mobile.ios
14631,1768510943.238884,0,com.xvpn.tunnelnew
14684,1768525746.5262022,0,com.apple.SharingUIService
14692,1768529322.3378801,0,com.apple.ind
14737,1768547303.081927,0,com.apple.DASDelegateService
14749,1768550918.311433,0,featureaccessd
14754,1768552724.6511612,0,icloudmailagent
14786,1768568017.758637,0,com.apple.fitcored
14792,1768574929.599484,0,momentsd
14838,1768578931.806654,0,com.apple.datausage.telephony.mms
14858,1768587311.259843,0,ACCFeatureAudioProductService
14878,1768597421.3409562,0,com.apple.donotdisturbd
14892,1768602242.8451571,0,com.apple.mlhost.CloudWorker
14899,1768605883.6566381,0,nesessionmanager
14901,1768607101.434982,0,tv.twitch
14902,1768607106.661738,0,tv.twitch.TwitchWidgets
14936,1768629653.326456,0,com.apple.MediaAnalysis
14953,1768630566.239399,0,assetsubscriptiond
14961,1768630566.663538,0,com.apple.duetexpertd
14967,1768630566.668605,0,com.apple.dataaccessd
14971,1768630566.66981,0,com.apple.reminders
14972,1768630566.669882,0,com.apple.MobileAddressBook
14983,1768630874.353204,0,milod
14990,1768631193.430597,0,com.apple.storekitd
15006,1768633885.3009129,0,com.apple.private.alloy.home
15007,1768634723.7001853,0,osanalytics.osanalyticshelper
15010,1768634723.7054431,0,com.apple.managedassetsd
15011,1768634723.7055352,0,AssetCacheLocatorService
15012,1768634723.7056072,0,com.apple.mediasetupd
15013,1768634723.705676,0,com.apple.icloud.fmflocatord
15022,1768645538.164351,0,com.google.Gmail.WidgetKitExtension
15047,1768663502.6598063,0,com.apple.Safari.SearchHelper
15051,1768664898.5043921,0,AssertionPID-14836
15057,1768666896.92264,0,AssertionPID-14919
15061,1768667581.7531,0,devicecheckd
15074,1768672476.626226,0,AssertionPID-15205
15085,1768676258.350613,0,AuthenticationServicesAgent
15086,1768676258.350699,0,mobileactivationd
15099,1768683950.6489882,0,com.apple.CountryTracker
15107,1768685322.560825,0,AssertionPID-15943
15118,1768691222.783526,0,AssertionPID-16417
15119,1768691222.7838912,0,AssertionPID-16415
15121,1768692396.52501,0,AssertionPID-16458
15123,1768693001.86184,0,AssertionPID-16491
15127,1768696881.3919768,0,AssertionPID-16620
15132,1768701212.87433,0,TilesService
15140,1768702489.9522321,0,AssertionPID-16849
15141,1768702537.188756,0,com.apple.private.alloy.safetymonitor
15143,1768702924.513794,0,AssertionPID-16888
15144,1768702924.515414,0,AssertionPID-16869
15145,1768702924.515759,0,AssertionPID-16883
15147,1768704743.0723982,0,AssertionPID-16927
15148,1768704743.0725121,0,AssertionPID-16935
15149,1768704743.0726519,0,AssertionPID-16934
15150,1768706600.146978,0,AssertionPID-16980
15152,1768709363.5422301,0,AssertionPID-17049
15153,1768709674.494495,0,AssertionPID-17125
15156,1768712488.8615682,0,AssertionPID-17282
15164,1768716951.6559372,0,rtcreportingd
15165,1768716951.656088,0,logd_reporter
15168,1768718752.541677,0,AssertionPID-17628
15174,1768720553.078363,0,com.apple.backupd
15177,1768722365.0018291,0,com.audible.iphone.NowPlayingWidget
15201,1768732906.439631,0,CloudTelemetryService
15202,1768732906.4450572,0,managedappdistributiond
15204,1768736516.251357,0,com.apple.photos.cloud
15222,1768749220.3161092,0,webprivacyd
15240,1768749797.6046162,0,AssertionPID-18226
15251,1768755522.6500401,0,AssertionPID-18643
15260,1768757240.792103,0,AssertionPID-18793
15261,1768757240.792463,0,AssertionPID-18820
15263,1768757541.9369311,0,AssertionPID-18847
15269,1768759739.764926,0,AssertionPID-18973
15270,1768759739.767397,0,AssertionPID-18977
15271,1768760043.707859,0,AssertionPID-19009
15281,1768764969.485723,0,EnforcementService
15282,1768764969.5001693,0,AssertionPID-19136
15284,1768769275.6030502,0,com.hammerandchisel.discord
15291,1768769398.431732,0,com.apple.EmojiPoster.EmojiPosterExtension
15300,1768770578.7546148,0,AssertionPID-19435
15301,1768770578.754982,0,AssertionPID-19444
15303,1768771226.176725,0,sharing.airdropui
15305,1768771226.185748,0,AssertionPID-19472
15306,1768771226.1858282,0,AssertionPID-19497
15307,1768771659.5319262,0,AssertionPID-19532
15311,1768776081.9851801,0,AssertionPID-19634
15312,1768776081.985385,0,AssertionPID-19640
15313,1768776082.5848222,0,IMDMessageServicesAgent
15331,1768783195.873842,0,AssertionPID-20192
15332,1768784322.036581,0,AssertionPID-20293
15341,1768790915.690473,0,AssertionPID-20434
15345,1768793229.738185,0,AssertionPID-20577
15382,1768814541.23108,0,AssertionPID-21436
15383,1768814541.231495,0,AssertionPID-21394
15460,1768834243.8962002,0,AssertionPID-22115
15466,1768836762.451024,0,AssertionPID-22202
15474,1768839493.6115012,0,com.apple.WallpaperKit.CollectionsPoster
15476,1768839493.6120162,0,com.apple.MercuryPoster
15488,1768842864.0052032,0,AssertionPID-22812
15489,1768842864.00583,0,AssertionPID-22863
15490,1768842864.006719,0,AssertionPID-22864
15491,1768843501.812242,0,AssertionPID-22970
15492,1768844172.056833,0,com.apple.SafariShared.Settings
15496,1768846326.7198231,0,com.apple.PhotosUIPrivate.PhotosAmbientPosterProvider
15497,1768846326.719897,0,com.apple.MapKit.SnapshotService
15499,1768846326.744978,0,AssertionPID-23103
15500,1768846326.745022,0,AssertionPID-23109
15501,1768846326.745047,0,AssertionPID-23112
15502,1768846326.745068,0,AssertionPID-23113
15503,1768846641.5436692,0,com.apple.assetsd
15505,1768847646.889711,0,AssertionPID-23184
15506,1768847958.120111,0,AssertionPID-23228
15507,1768847958.1207252,0,AssertionPID-23212
15515,1768851763.6335483,0,com.apple.SafariShared.CloudTabs
15516,1768852193.7251282,0,AssertionPID-23316
15517,1768852193.725266,0,AssertionPID-23329
15522,1768858479.376425,0,com.bd.nproject
15523,1768858482.526648,0,AssertionPID-23608
15525,1768863036.6504092,0,AssertionPID-23900
15526,1768863036.650477,0,AssertionPID-23899
15531,1768866189.692604,0,AssertionPID-24067
15536,1768867550.67388,0,com.google.Drive.ShareExtension
15540,1768868693.9592328,0,AssertionPID-24272
15542,1768870560.0589652,0,AssertionPID-24287
15543,1768872376.202774,0,AssertionPID-24338
15544,1768872376.203209,0,com.apple.AuthKitUI.AKLocationSignInAlert
15545,1768873500.0635881,0,AssertionPID-24421
15546,1768873500.063631,0,AssertionPID-24418
15547,1768873500.0636542,0,AssertionPID-24407
15548,1768874522.436176,0,AssertionPID-24481
15558,1768876756.6511812,0,AssertionPID-24567
15560,1768877059.3271422,0,AssertionPID-24616
15561,1768877059.327188,0,AssertionPID-24625
15562,1768880363.123303,0,AssertionPID-24871
15563,1768882780.963926,0,AssertionPID-24947
15564,1768882780.965501,0,AssertionPID-24978
15566,1768885068.152976,0,AssertionPID-25087
15567,1768885753.157843,0,AssertionPID-25170
15568,1768885753.158011,0,AssertionPID-25167
15597,1768891905.767383,0,com.apple.siriknowledged
15607,1768899112.468792,0,AssertionPID-25906
15610,1768899112.981089,0,com.apple.AlchemistInferenceProvider
15612,1768899112.982542,0,com.apple.CommCenterMobileHelper
15613,1768900930.495656,0,AssertionPID-26037
15614,1768900930.550406,0,online-auth-agent.xpc
15619,1768902518.8439093,0,com.apple.AppleMediaDiscovery.AMDEngagementExtension
15655,1768911930.073609,0,AssertionPID-26410
15658,1768912807.065999,0,com.visa.TokenPush
15660,1768913327.5556102,0,AssertionPID-26525
15672,1768915265.1782231,0,com.apple.SafetyMonitor.SafetyMonitorLocationBundle
15673,1768915726.585525,0,AssertionPID-26685
15680,1768917375.5820289,0,AssertionPID-26772
15682,1768918896.182902,0,captiveagent
15685,1768920863.4465601,0,com.apple.RCS.606511218664232073
15686,1768921841.407807,0,com.hammerandchisel.discord.NotificationService
15703,1768925294.0421839,0,AssertionPID-27086
15711,1768927945.834568,0,AssertionPID-27513
15713,1768930263.4242449,0,AssertionPID-27645
15717,1768935059.620463,0,AssertionPID-27936
15725,1768938441.516275,0,AssertionPID-28183
15726,1768940359.708097,0,AssertionPID-28340
15727,1768940359.7092142,0,AssertionPID-28328
15728,1768940935.013307,0,com.apple.springboard.app-library-open-pod
15730,1768942243.7525692,0,AssertionPID-28504
15731,1768943595.039309,0,AssertionPID-28528
15732,1768943595.039375,0,AssertionPID-28558
15733,1768944260.892663,0,AssertionPID-28635
15750,1768952459.5417202,0,AssertionPID-29449
15751,1768952459.541881,0,AssertionPID-29480
15758,1768960409.297521,0,AssertionPID-29937
15774,1768967412.1293583,0,AssertionPID-30387
15775,1768967412.4255822,0,com.yourcompany.PPClient.notificationserviceintent
15777,1768972697.962761,0,AssertionPID-30863
15794,1768976257.355931,0,newsd
15797,1768978374.7210932,0,com.apple.UsageTracking
15799,1768978375.201571,0,accountsd
15800,1768978375.209652,0,com.apple.protectedcloudstorage.protectedcloudkeysyncing
15801,1768978375.209762,0,amsondevicestoraged
15802,1768978375.209834,0,com.apple.visioncompaniond
15814,1768987375.126875,0,com.apple.datausage.telephony.ims
15818,1768987375.1273909,0,com.apple.datausage.dns.multicast
15820,1768988054.989731,0,com.apple.datausage.telephony.rcs.private
15854,1769003790.511985,0,AssertionPID-31573
15857,1769003791.545517,0,com.apple.attributionkitd
15862,1769005606.529251,0,AssertionPID-31741
15885,1769013655.77806,0,com.apple.private.alloy.status.keysharing
15886,1769013655.786951,0,com.apple.StatusKitAgent
15887,1769013991.502238,0,AssertionPID-32179
15889,1769017132.70776,0,AssertionPID-32329
15903,1769020036.843846,0,AssertionPID-32623
15904,1769020761.5688639,0,AssertionPID-32667
15913,1769022995.3650942,0,com.apple.Preview
15915,1769023247.02531,0,AssertionPID-33028
15916,1769023247.025566,0,AssertionPID-32883
15921,1769023247.441206,0,com.apple.DocumentManagerUICore.Service
15927,1769023558.9153662,0,AssertionPID-33222
15930,1769024138.8777142,0,com.apple.DocumentsApp
15932,1769024180.663649,0,AppStoreService
15933,1769024482.990081,0,AssertionPID-33359
15934,1769024483.399238,0,com.apple.datausage.airdrop
15935,1769026159.350863,0,AssertionPID-33545
15962,1769029798.982341,0,com.apple.callhistory.sync-helper
15966,1769031878.6007018,0,AssertionPID-33903
15968,1769033028.1550841,0,AssertionPID-33964
15969,1769033331.630539,0,AssertionPID-34017
15971,1769034285.837407,0,AssertionPID-34137
15973,1769034639.846971,0,AssertionPID-34147
15974,1769035083.526252,0,AssertionPID-34192
15975,1769036264.758351,0,com.apple.CarPlaySetupApp
15978,1769036287.616976,0,AssertionPID-34312
15979,1769036287.617059,0,AssertionPID-34336
15980,1769036602.240265,0,com.apple.CarPlayApp.home-screen
15981,1769036602.8076072,0,com.apple.CarPlayApp
15982,1769036602.807707,0,com.apple.CarPlayWallpaper
15984,1769036618.9320102,0,ndoagent
15987,1769036906.6609073,0,com.apple.Health.HealthBalanceWidgetExtension
15989,1769036906.6612792,0,com.apple.CarPlayTemplateUIHost
15991,1769036906.6614292,0,com.revenuecat.mobile.KeyMetric
15994,1769036906.663077,0,com.apple.mobilenotes.WidgetExtension
15995,1769036906.663958,0,com.apple.mobiletimer.WorldClockWidget
15997,1769036906.6648712,0,com.apple.Music.MusicWidgets
16000,1769036906.667943,0,com.apple.news.tag
16003,1769036906.66852,0,com.apple.Home.HomeEnergyWidgets
16011,1769036906.6696472,0,com.apple.CarRadio
16012,1769036906.669714,0,com.spotify.client.widgetnowplaying
16013,1769036906.669775,0,com.apple.podcasts.widget
16020,1769037698.9949641,0,com.apple.carplay.oem
16025,1769039898.779192,0,AssertionPID-34707
16029,1769041525.65556,0,AssertionPID-34784
16030,1769041525.971035,0,com.apple.CarPlaySplashScreen
16035,1769044607.135056,0,AssertionPID-35222
16036,1769046173.34801,0,AssertionPID-35297
16041,1769047867.561026,0,AssertionPID-35316
16049,1769049919.7799401,0,AssertionPID-35514
16050,1769050743.1224399,0,AssertionPID-35552
16051,1769050743.1225471,0,AssertionPID-35586
16053,1769055592.6360092,0,AssertionPID-35701
16054,1769056404.788884,0,AssertionPID-35731
16055,1769056404.789831,0,AssertionPID-35732
16072,1769069259.461485,0,com.apple.trustd
16074,1769071068.0800653,0,AssertionPID-36136
16167,1769102516.478763,0,AssertionPID-37381
16168,1769102516.478959,0,AssertionPID-37370
16169,1769102516.4792452,0,AssertionPID-37377
16178,1769106754.022077,0,com.apple.kbd
16182,1769108115.986211,0,to.tawk.ios
16192,1769110137.7972322,0,com.apple.Batteries.BatteriesAvocadoWidgetExtension
16196,1769110900.0215092,0,AssertionPID-38279
16199,1769112167.564668,0,AssertionPID-38315
16200,1769112167.564876,0,AssertionPID-38322
16202,1769114089.514421,0,AssertionPID-38492
16207,1769115152.623982,0,com.apple.private.alloy.facetime.sync
16209,1769118974.1241992,0,AssertionPID-38649
16224,1769123802.6750102,0,AssertionPID-38980
16225,1769125189.989329,0,AssertionPID-39044
16232,1769127860.657847,0,AssertionPID-39229
16237,1769131769.783121,0,AssertionPID-39448
16238,1769131769.7839391,0,AssertionPID-39432
16247,1769135154.0439491,0,AssertionPID-39593
16254,1769144354.487535,0,AssertionPID-39899
16256,1769144700.881341,0,AssertionPID-39942
16257,1769144700.8814273,0,AssertionPID-39935
16284,1769153320.4191022,0,AssertionPID-40443
16296,1769162174.694355,0,com.apple.CoreSpotlight
16298,1769162174.917334,0,com.apple.appleaccountd
16346,1769178613.946592,0,AssertionPID-40883
16349,1769179844.31657,0,AssertionPID-41049
16351,1769180829.880618,0,AssertionPID-41095
16371,1769187724.517439,0,AssertionPID-41267
16373,1769188347.457718,0,AssertionPID-41346
16374,1769188347.469666,0,AssertionPID-41317
16378,1769190936.836092,0,AssertionPID-41463
16379,1769192740.631959,0,AssertionPID-41534
16382,1769195381.5087442,0,AssertionPID-41709
16383,1769195381.508984,0,AssertionPID-41681
16387,1769196135.714471,0,AssertionPID-41797
16388,1769196135.720049,0,AssertionPID-41756
16389,1769196135.720881,0,AssertionPID-41774
16393,1769198330.8833501,0,deferredmediad
16394,1769198331.987189,0,AssertionPID-41912
16401,1769199822.8698711,0,AssertionPID-41956
16402,1769202015.9146512,0,AssertionPID-42037
16416,1769214001.45287,0,AssertionPID-42454
16423,1769217994.459744,0,ai.x.GrokApp
16446,1769222287.506957,0,AssertionPID-42985
16448,1769223483.9314852,0,AssertionPID-43031
16449,1769223483.931653,0,AssertionPID-43026
16451,1769229567.5158,0,AssertionPID-43338
16452,1769231048.841191,0,AssertionPID-43491
16491,1769242987.952861,0,AssertionPID-43986
16499,1769248389.667639,0,appinstallationmetricsd
16505,1769252013.192584,0,com.google.Drive.WidgetKitExtension
16517,1769267002.2379491,0,jetpackassetd
16535,1769270633.714223,0,AssertionPID-44663
16554,1769273230.428967,0,AssertionPID-44738
16555,1769273230.42904,0,AssertionPID-44752
16556,1769275025.301817,0,AssertionPID-44778
16559,1769279224.9072251,0,AssertionPID-44918
16568,1769283431.002424,0,AssertionPID-45212
16569,1769284946.502933,0,AssertionPID-45311
16576,1769286947.501235,0,AssertionPID-45448
16581,1769290996.2104259,0,AssertionPID-45621
16582,1769292098.489643,0,UserEventAgent
16583,1769292899.488565,0,AssertionPID-45687
16592,1769297480.051362,0,AssertionPID-46000
16593,1769297792.3438241,0,AssertionPID-46037
16601,1769298862.415175,0,AssertionPID-46201
16603,1769299673.536675,0,AssertionPID-46253
16605,1769301446.004194,0,AssertionPID-46308
16618,1769309451.687027,0,AssertionPID-46528
16624,1769313966.335607,0,AssertionPID-46678
16626,1769315012.131817,0,AssertionPID-46723
16627,1769316426.84639,0,ap.promotedcontentd
16628,1769316428.2944021,0,AssertionPID-46817
16691,1769352290.9685311,0,AssertionPID-47626
16692,1769352290.9695141,0,AssertionPID-47548
16700,1769352906.758264,0,AssertionPID-47677
16708,1769355175.487834,0,AssertionPID-47779
16727,1769364014.499146,0,AssertionPID-48109
16743,1769370391.625081,0,AssertionPID-48595
16746,1769372222.553822,0,AssertionPID-48713
16748,1769374059.423358,0,com.apple.calculator
16751,1769375827.460905,0,AssertionPID-48908
16758,1769386350.520704,0,AssertionPID-49551
16765,1769391902.790227,0,AssertionPID-49749
16766,1769392202.111977,0,AssertionPID-49895
16768,1769393114.5572672,0,AssertionPID-49956
16769,1769393114.5574832,0,AssertionPID-49946
16780,1769396691.872558,0,AssertionPID-49993
16785,1769401837.899116,0,AssertionPID-50135
16870,1769435491.5295491,0,AssertionPID-50938
16871,1769435604.33803,0,com.apple.private.alloy.safetymonitor.multiplex
16877,1769436649.9021192,0,AssertionPID-51098
16884,1769439941.2098541,0,AssertionPID-51171
16885,1769439941.20989,0,AssertionPID-51147
16893,1769441712.497678,0,AssertionPID-51310
16897,1769442129.887532,0,com.apple.siri
16910,1769444913.757187,0,AssertionPID-51620
16920,1769446996.514501,0,AssertionPID-51793
16922,1769446997.3511562,0,passwordbreachd
16929,1769453368.538104,0,AssertionPID-52239
16938,1769456024.743064,0,AssertionPID-52485
16940,1769457061.525721,0,AssertionPID-52551
16946,1769461879.5487232,0,AssertionPID-52893
16950,1769464353.265937,0,AssertionPID-53062
16951,1769465839.188293,0,AssertionPID-53202
16952,1769465839.1885772,0,AssertionPID-53208
16956,1769469808.083909,0,AssertionPID-53452
16958,1769471837.784459,0,AssertionPID-53581
16966,1769474103.169477,0,AssertionPID-53759
16968,1769474327.8364859,0,com.chess.ChessClock
16977,1769477358.2564163,0,AssertionPID-53978
16980,1769478642.3448682,0,AssertionPID-54176
16994,1769481353.5632,0,AssertionPID-54423
16995,1769482135.713404,0,AssertionPID-54497
16996,1769483086.69131,0,AssertionPID-54554
16999,1769487428.507309,0,AssertionPID-54797
17009,1769500130.737193,0,AssertionPID-55035
17050,1769507692.168149,0,AssertionPID-55315
17052,1769509538.858896,0,com.apple.ShortcutsActions.ShortcutsTopHitsExtension
17083,1769523382.5736322,0,AssertionPID-55692
17087,1769523382.605796,0,watchlistd
17109,1769525199.8492212,0,AssertionPID-55764
17110,1769525199.849545,0,AssertionPID-55814
17116,1769527701.1804862,0,AssertionPID-55883
17132,1769537189.9360461,0,com.apple.jetpackassetd
17144,1769543402.257877,0,AssertionPID-56556
17146,1769544022.311779,0,AssertionPID-56620
17149,1769544330.391575,0,com.google.gemini
17152,1769544333.251275,0,AssertionPID-56659
17161,1769551467.920468,0,AssertionPID-57013
17164,1769554110.594902,0,AssertionPID-57255
17166,1769562226.974843,0,AssertionPID-57508
17167,1769562226.9749522,0,AssertionPID-57485
17186,1769568624.48379,0,AssertionPID-57834
17194,1769573027.363537,0,com.apple.private.alloy.phonecontinuity
17199,1769573314.8758202,0,com.apple.InCallService.InCallActivities
17200,1769573314.8763971,0,com.apple.chrono.WidgetRenderer-Activities
17219,1769588200.362907,0,com.openai.chat.Widgets
17224,1769591853.056549,0,com.apple.online-auth-agent
17225,1769591853.0566602,0,com.apple.sbd
17226,1769591853.056734,0,com.apple.symptomsd-distributed
17227,1769591853.0568252,0,powerdatad
17234,1769606105.606904,0,AssertionPID-58739
17281,1769608368.295496,0,passd
17284,1769610749.471931,0,AssertionPID-58990
17285,1769610749.473736,0,AssertionPID-59018
17291,1769611052.0999901,0,AssertionPID-59028
17300,1769613956.2086492,0,AssertionPID-59150
17307,1769618961.730764,0,AssertionPID-59397
17323,1769627865.505736,0,appleaccountd
17324,1769627865.507292,0,AssertionPID-60004
17325,1769627865.50876,0,AssertionPID-59993
17328,1769630593.9443572,0,AssertionPID-60083
17329,1769636359.5004992,0,AssertionPID-60210
17330,1769637726.658816,0,AssertionPID-60359
17344,1769642544.235194,0,AssertionPID-60973
17351,1769649600.184772,0,AssertionPID-61324
17354,1769650593.41755,0,com.apple.weather
17358,1769650854.241502,0,AssertionPID-61470
17375,1769655032.2395291,0,AssertionPID-61889
17376,1769655032.239839,0,AssertionPID-61881
17377,1769656871.461647,0,AssertionPID-61945
17379,1769659716.692728,0,com.apple.imtransferagent
17380,1769660310.5376272,0,AssertionPID-62142
17406,1769668023.6244981,0,com.apple.PhotosUIPrivate.PhotosPosterProvider
17417,1769671145.651918,0,softwareupdateservicesd
17421,1769671146.065391,0,mobile.softwareupdated
17423,1769671146.068895,0,com.apple.softwareupdateservicesd
17428,1769674778.0360851,0,net.kortina.labs.Venmo.Widgets
17429,1769674778.0365572,0,com.apple.CoreRoutine.helperservice
17431,1769676597.848622,0,AssertionPID-62884
17465,1769694174.957591,0,com.apple.private.alloy.bulletinboard
17480,1769695976.447693,0,AssertionPID-63520
17494,1769697427.570344,0,AssertionPID-63658
17500,1769698496.194819,0,com.statefarm.DriveSafeAndSave
17503,1769701010.76513,0,AssertionPID-63760
17511,1769703604.264288,0,com.apple.PosterBoard
17518,1769704279.0758042,0,AssertionPID-63826
17526,1769707417.3159451,0,AssertionPID-64031
17527,1769707417.5450559,0,com.apple.weather.WeatherAppIntents
17529,1769711714.1731281,0,ClipServices.clipserviced
17531,1769712115.4251041,0,AssertionPID-64172
17546,1769716893.22572,0,com.apple.symptomsd-diag
17550,1769718197.597414,0,replayd
17554,1769719284.493494,0,AssertionPID-64662
17560,1769725824.204072,0,org.lichess.mobileapp.official
17567,1769735661.5780811,0,AssertionPID-65481
17568,1769735661.5804172,0,AssertionPID-65470
17569,1769738589.4493861,0,AssertionPID-65626
17580,1769739658.622046,0,AssertionPID-65740
17581,1769739659.5192852,0,com.robinhood.release.Robinhood.NotificationContentExtension
17587,1769741509.5437112,0,AssertionPID-65768
17588,1769741987.487011,0,AssertionPID-65796
17591,1769743955.637799,0,AssertionPID-65892
17594,1769749947.117354,0,AssertionPID-66172
17610,1769754443.535162,0,assistant_cdmd
17614,1769758431.692047,0,nand.aspcarry
17624,1769765666.772862,0,com.apple.shortcuts
17670,1769782473.689364,0,com.playstation.eu.playstationadhoc
17671,1769783152.78233,0,AssertionPID-67096
17672,1769783152.783835,0,AssertionPID-67114
17675,1769783160.548338,0,UsageTrackingAgent
17688,1769786125.735621,0,com.apple.MobileWiFi
17689,1769786559.896711,0,AssertionPID-67183
17711,1769794624.752948,0,com.varsitybound.goldenbear
17716,1769796312.795839,0,AssertionPID-68069
17717,1769796312.7959542,0,AssertionPID-68004
17718,1769796732.7943032,0,nehelper
17719,1769798235.331008,0,AssertionPID-68130
17722,1769799185.546876,0,AssertionPID-68231
17723,1769799185.548371,0,AssertionPID-68188
17724,1769799186.367923,0,dt.remotepairingdeviced
17726,1769799186.3681302,0,dt.fetchsymbolsd
17735,1769799186.373063,0,mobile_storage_proxy
17736,1769799186.3731322,0,remoted
17744,1769800202.566669,0,AssertionPID-68332
17745,1769801991.366685,0,dtdeviceinfod
17746,1769802948.6284661,0,Unspecified_11
17748,1769803232.11303,0,perfpowermetricd
17750,1769803232.113092,0,installcoordination_proxy
17761,1769803232.113452,0,instruments.deviceservice
17762,1769803232.118095,0,DTServiceHub
17766,1769806431.344791,0,debugserver
17767,1769807159.163202,0,AssertionPID-69165
17770,1769810155.690466,0,AssertionPID-69516
17771,1769810155.690796,0,AssertionPID-69483
17774,1769817286.5581272,0,AssertionPID-69891
17794,1769831358.5194802,0,AssertionPID-70589
17829,1769841276.4563692,0,spotlightknowledged.updater
17839,1769841276.6041992,0,lockdownd
17846,1769843771.828713,0,com.getdropbox.Dropbox.Intents
17847,1769843771.8287911,0,com.getdropbox.Dropbox.Widgets
17854,1769853248.61684,0,com.apple.mlhostd.push
17855,1769857430.6953282,0,AssertionPID-71382
17859,1769867573.1212473,0,ecosystemanalyticsd
17902,1769874571.0254831,0,com.apple.quicklook.UIExtension
17909,1769875864.4250932,0,AssertionPID-72328
17915,1769879435.1262841,0,AssertionPID-72841
17916,1769879435.1547122,0,com.apple.appstorecomponentsd
17928,1769885826.504012,0,AssertionPID-73343
17930,1769886434.11436,0,geoanalyticsd
17939,1769892498.824953,0,AssertionPID-73853
17943,1769896497.849667,0,AssertionPID-74363
17944,1769896497.849849,0,AssertionPID-74295
17945,1769896497.849955,0,AssertionPID-74299
17950,1769898260.797988,0,AssertionPID-74677
17952,1769898261.150734,0,textcomposerd
17956,1769902145.5795631,0,com.apple.MobileSMS.MessagesNotificationExtension
17958,1769902461.173697,0,AssertionPID-75397
17959,1769902461.173775,0,AssertionPID-75353
17960,1769902461.173921,0,AssertionPID-75369
17962,1769903586.991921,0,com.cpdigitaldarkroom.SongShift
17963,1769903699.2715821,0,com.cpdigitaldarkroom.SongShift.QuickShareWidget
17965,1769905389.638,0,com.apple.Maps
17967,1769905615.3507261,0,navd
17975,1769906071.397252,0,CarCMSession
18003,1769906278.6913452,0,com.duckduckgo.mobile.ios.Widgets
18014,1769911420.013218,0,com.brivo.pass
18018,1769911750.3194523,0,AssertionPID-76996
18025,1769914804.538413,0,AssertionPID-77365
18026,1769914804.538581,0,AssertionPID-77418
18029,1769922657.504966,0,mediastream.mstreamd
18030,1769923379.5603771,0,AssertionPID-77675
18044,1769927051.9896922,0,EN
18045,1769927678.660566,0,spindump
18046,1769927679.0694861,0,notification_proxy
18047,1769927979.7015572,0,com.apple.FileProvider.LocalStorage
18048,1769928612.807092,0,ph.telegra.Telegraph.NotificationService
18049,1769928923.6618662,0,com.apple.HostInferenceProviderService
18050,1769928923.661912,0,sensorkitd
18051,1769930741.50008,0,thermalmonitord
18052,1769930741.5001812,0,timesync.audioclocksyncd
18053,1769930927.8521671,0,com.apple.email.SearchIndexer
18054,1769932551.48181,0,securityuploadd
18055,1769936175.8610601,0,mediaanalysisd-generation
18056,1769936176.399009,0,notifyd
18057,1769936176.39925,0,dataaccess.dataaccessd
18058,1769936176.3994732,0,homeenergyd
18059,1769936176.813529,0,com.apple.photoanalysisd
18060,1769937996.1611629,0,pipelined
18061,1769939796.258009,0,com.apple.Safari.SafeBrowsing.Service
18062,1769942901.685996,0,AssertionPID-78422
18063,1769943925.686544,0,com.apple.SoftwareUpdateServices.SUSFollowUpExtension
18064,1769943925.729958,0,AssertionPID-78424
18065,1769947391.719481,0,ai.x.GrokApp.GrokWidget
18066,1769947391.71966,0,com.apple.UserNotificationsUIKit.ThumbnailProvider
18067,1769947391.732141,0,com.apple.remindd
18068,1769949191.3267722,0,installcoordinationd
18069,1769949191.326942,0,containermanagerd.system
18070,1769954591.4331622,0,com.apple.PassKit.EngagementExtension
18071,1769954591.6269631,0,maild
18072,1769955851.2172523,0,com.apple.fskit.msdos
18073,1769955851.217312,0,com.apple.fskit.exfat
18074,1769957908.709793,0,nand_task_scheduler
18075,1769957908.712647,0,bird
18076,1769957908.712733,0,attributionkitd
18077,1769957908.712825,0,assistant_service
18078,1769957908.712898,0,activitysharingd
18079,1769957908.712985,0,com.apple.Health.HealthCycleTrackingWidgetExtension
18080,1769957908.713053,0,ckdiscretionaryd
18081,1769957908.713125,0,contacts.postersyncd
18082,1769957908.7131982,0,fs_task_scheduler
18083,1769957908.713262,0,nanotimekitcompaniond
18084,1769957908.7133331,0,metrickitd
18085,1769957908.7134,0,locationaccessstored
18086,1769957908.713469,0,anomalydetectiond
18087,1769957908.71353,0,OTATaskingAgent
18088,1769957908.7135992,0,devicesharingd
18089,1769957908.7136712,0,Safari.SafeBrowsing.Service
18090,1769957908.713737,0,storekitd
18091,1769957908.733549,0,bookassetd
18092,1769958036.6509051,0,mmaintenanced
18093,1769958036.651043,0,osanalyticshelper
18094,1769958036.651148,0,searchpartyd
18095,1769958036.6512341,0,NANDTaskScheduler
18096,1769958036.6513972,0,ASPCarryLog
18097,1769958036.6514812,0,com.apple.mail
18098,1769958036.651575,0,dataaccessd
18099,1769958036.6516972,0,FSTaskScheduler
18100,1769958036.6536732,0,fairplaydeviceidentityd
18101,1769958036.654304,0,com.apple.Safari.SafeBrowsing.S
18102,1769958036.65439,0,itunescloudd
18103,1769958036.6549902,0,com.apple.mobileassetd.client.InCallService
18104,1769958036.6556373,0,com.apple.mobileassetd.client.CallHistorySyncHelper
18105,1769958036.6563601,0,keybagd
18106,1769958036.656439,0,vmd
18107,1769958036.6571913,0,com.apple.mobileassetd.client.callservicesd
18108,1769958036.657586,0,Gmail
18109,1769958036.657663,0,fitcored
18110,1769958036.6577601,0,profiled
18111,1769958036.6582823,0,Snapchat
18112,1769958253.462223,0,com.apple.private.alloy.nameandphoto
18113,1769958253.464349,0,com.apple.private.alloy.facetime.messaging
18114,1769958818.74479,0,audioaccessoryd
18115,1769958818.745797,0,com.apple.mobileassetd.client.MobilePhone
18116,1769958818.745894,0,WhatsApp
18117,1769958818.746531,0,findmydeviced
18118,1769958818.746992,0,CallHistorySyncHelper
18119,1769958818.74765,0,generativeexperiencesd
18120,1769958818.747738,0,finhealthd
18121,1769958818.7482119,0,nearbyd
18122,1769958818.751247,0,online-auth-agent
18123,1769959165.491502,0,AssertionPID-673
18124,1769959165.491749,0,AssertionPID-657
18125,1769959166.3364182,0,com.apple.CallKit.CallDirectory
18126,1769959166.336515,0,com.apple.BTLEServer
18127,1769959166.336585,0,BTServer.avrcp
18128,1769959166.336666,0,audioanalyticsd
18129,1769959166.336735,0,exchangesyncd
18130,1769959166.337222,0,com.apple.amp.MusicUI.MusicUIEngagementExtension
18131,1769959166.3374,0,com.apple.icloud.FindMyDevice.FindMyExtensionContainer.FMDMagSafeExtension
18132,1769959166.337553,0,safetycheckd
18133,1769959166.337667,0,tailspind
18134,1769959166.3377452,0,com.hammerandchisel.discord.LockscreenWidget
18135,1769959166.337813,0,com.apple.AppleMediaServicesUI.UtilityExtension
18136,1769959445.028776,0,YouTube
18137,1769959445.0348039,0,webbookmarksd
18138,1769959445.045846,0,reversetemplated
18139,1769959445.045954,0,textunderstandingd
18140,1769959445.04605,0,corespotlightd
18141,1769959445.0510888,0,com.apple.mobileassetd.client.devicecheckd
18142,1769959560.193582,0,parsec-fbf
18143,1769959560.193655,0,com.apple.LighthouseAV.LighthouseAVShadowEval
18144,1769960317.5978222,0,betaenrollmentd
18145,1769960318.186524,0,AssertionPID-712
18146,1769961965.021847,0,feedbackd
18147,1769963369.908348,0,com.apple.DifferentialPrivacy.TelemetryAggregator
18148,1769963369.9084651,0,com.apple.siri.metrics.AssetMetricsExtension
18149,1769963369.918446,0,com.apple.mlhost.TelemetryWorker
18150,1769963369.91853,0,com.apple.MediaMLPluginApp.MediaMLExtension
18151,1769963369.934433,0,managedassetsd
18152,1769963369.9353812,0,seserviced
18153,1769963369.935812,0,com.apple.aiml.RepackagingWorker
18154,1769963369.9362972,0,Instagram
18155,1769963369.9380512,0,Life360
18156,1769963369.9417253,0,Twitter
18157,1769963971.745974,0,com.apple.AMPIDService
18158,1769966218.979659,0,com.recap.app
18159,1769966221.043003,0,com.apple.mapspushd
18160,1769966372.189066,0,com.apple.priml.PFLHRPeriodPredCK
18161,1769966372.1891131,0,com.apple.priml.PFLNightingaleD
18162,1769966372.189138,0,fitnesscoachingd
18163,1769966372.198719,0,mapspushd
18164,1769967153.231412,0,aonsensed
18165,1769967153.2374759,0,timed
18166,1769969324.452891,0,com.apple.security.kcsharing
18167,1769969324.4579172,0,StatusKitAgent
18168,1769969947.204086,0,sleepd
18169,1769969947.205277,0,accessibility.heard
18170,1769969947.20535,0,heard
18171,1769970177.311192,0,AssertionPID-885
18172,1769970177.6885753,0,filesystems.fskitd
18173,1769970177.688744,0,BluetoothUIService
18174,1769970177.6889231,0,cloudpaird
18175,1769970178.0283632,0,filesystems.userfs_helper
18176,1769970178.028676,0,fskit.fskit_helper
18177,1769970178.030214,0,com.apple.AppleUserHIDDrivers
18178,1769970178.0303183,0,appstorecomponentsd
18179,1769970178.0303922,0,mobile.storage_mounter
18180,1769970178.0304632,0,mobile.notification_proxy
18181,1769970178.03054,0,usbctelemetryd
18182,1769970178.03062,0,coredevice.dtdeviceinfod
18183,1769970178.0306883,0,diskimagesiod.AEBD2765-EBC9-54FC-B980-CAA39A9E04EC
18184,1769970178.030755,0,mobile.storage_mounter_proxy
18185,1769970178.0308242,0,diskarbitrationd
18186,1769970178.0309072,0,mobile.assertion_agent
18187,1769970547.193171,0,PowerUIAgent
18188,1769972347.186294,0,akd
18189,1769973596.9143682,0,itunesstored
18190,1769974196.821094,0,mobilerepaird
18191,1769974608.7401052,0,ciphermld
18192,1769975090.8189993,0,diagnosticd
18193,1769975090.81905,0,softposreaderd
18194,1769975090.81908,0,MTLAssetUpgraderD
18195,1769975090.819117,0,coredevice.dtappserviced
18196,1769975090.819142,0,tvremoted
18197,1769975090.81917,0,coreidvd
18198,1769975090.8191962,0,coredevice.dtdebugproxyd
18199,1769975090.8212862,0,dtappserviced
18200,1769975396.9071922,0,fmflocatord
18201,1769975396.914556,0,fitnessintelligenced
18202,1769975792.3320212,0,AssertionPID-1063
18203,1769975792.6643062,0,icloudsubscriptionoptimizerd
18204,1769975792.664509,0,DragUI.druid
18205,1769975996.9651113,0,safetyalertsd
18206,1769977584.3199382,0,AssertionPID-1130
18207,1769978012.329286,0,AssertionPID-1137
18208,1769978312.998883,0,AssertionPID-1142
18209,1769978621.648215,0,AssertionPID-1147
18210,1769979114.9715219,0,revisiond
18211,1769979115.3712711,0,BTServer.pbap
18212,1769981918.339005,0,cfprefsd.xpc.daemon.system
18213,1769981918.339224,0,wifivelocityd
18214,1769981918.3495092,0,StocksKitService
18215,1769981960.691019,0,Stocks
18216,1769982228.70708,0,healthrecordsd
18217,1769982228.708044,0,ospredictiond
18218,1769982228.7123032,0,com.apple.MapsSuggestions
18219,1769982228.7123342,0,com.apple.MapsSupport
18220,1769982228.712362,0,AssertionPID-1398
18221,1769984944.3044782,0,AssertionPID-1499
18222,1769985292.108913,0,postersyncd
18223,1769985292.1090279,0,sociallayerd
18224,1769986380.300139,0,proximitycontrold
18225,1769986380.300812,0,com.apple.corelocation.CoreLocationLearnedRouteAuthPromptPlugin
18226,1769987960.471935,0,com.apple.NanoUniverse.AegirProxyApp.AegirPoster
18227,1769987960.472252,0,com.apple.PridePoster.PridePosterExtension
18228,1769987960.472495,0,com.apple.Posters.UnityPosterApp.ExtragalacticPoster
18229,1769987960.472746,0,com.apple.ClockPoster.ClockPosterExtension
18230,1769987960.472837,0,com.apple.Posters.UnityPosterApp.Unity2025Poster
18231,1769987960.472907,0,com.apple.weather.poster
18232,1769987960.473139,0,com.apple.Posters.UnityPosterApp.UnityPosterExtension
18233,1769987960.4733791,0,com.apple.ambient.AmbientUI.InfographPoster
18234,1769988398.624517,0,com.chessbook.app
18235,1769988954.7795572,0,AssertionPID-1720
18236,1769990805.002131,0,aggregated.addaily
18237,1769990850.672261,0,promotedcontentd
18238,1769990850.6881309,0,ind
18239,1769991558.483205,0,com.apple.announced
18240,1769991558.4834661,0,ptpcamerad
18241,1769993779.2893882,0,AssertionPID-1904
18242,1769993779.8310242,0,com.apple.sociallayerd
18243,1769995343.758078,0,AssertionPID-1994
18244,1769995344.0501342,0,com.apple.news.NewsNotificationServiceExtension
18245,1769998436.5106502,0,intelligencecontextd
18246,1769998436.515667,0,com.apple.siri.TypeToSiriWidget
18247,1769998437.101994,0,com.apple.voicebankingd
18248,1769998718.680511,0,swtransparencyd
18249,1769998718.6810641,0,sysdiagnose
18250,1769998718.6811318,0,powerlogHelperd
18251,1769998718.68118,0,com.apple.terminusd
18252,1769998718.681206,0,sysdiagnose_helper.8522E659-9922-4AE4-A5FD-7BB4E29F3CC3
18253,1769998718.681232,0,sysdiagnose_helper.EF422CBF-10F1-4C05-A8FA-478629D75A02
18254,1769998718.681252,0,sysdiagnose_helper.F229B0FB-AB31-4B90-8DDC-F6B21A045DFF
18255,1769998718.681275,0,crash_mover
18256,1769998718.681294,0,sysdiagnose_helper.8615048A-A027-4EC1-A01D-A5CADB46D007
18257,1769998718.6813169,0,systemvoiceassistant
18258,1769998718.681336,0,com.apple.journal.widgets
